trade_order_id,buyer_id
T1001,"{""id"": 90000}"
T1002,"{""id"": 90001}"
T1003,"{""id"": 90002}"
T1004,"{""id"": 90003}"
T1005,"{""id"": 90004}"
T1006,"{""id"": 90005}"
T1007,"{""id"": 90006}"
T1008,"{""id"": 90007}"
T1009,"{""id"": 90008}"
T1010,"{""id"": 90009}"
T1011,"{""id"": 90010}"
T1012,"{""id"": 90011}"
T1013,"{""id"": 90012}"
T1014,"{""id"": 90013}"
T1015,"{""id"": 90014}"
T1016,"{""id"": 90015}"
T1017,"{""id"": 90016}"
T1018,"{""id"": 90017}"
T1019,"{""id"": 90018}"
T1020,"{""id"": 90019}"
T1021,"{""id"": 90020}"
T1022,"{""id"": 90021}"
T1023,"{""id"": 90022}"
T1024,"{""id"": 90023}"
T1025,"{""id"": 90024}"
T1026,"{""id"": 90025}"
T1027,"{""id"": 90026}"
T1028,"{""id"": 90027}"
T1029,"{""id"": 90028}"
T1030,"{""id"": 90029}"
T1031,"{""id"": 90030}"
T1032,"{""id"": 90031}"
T1033,"{""id"": 90032}"
T1034,"{""id"": 90033}"
T1035,"{""id"": 90034}"
T1036,"{""id"": 90035}"
T1037,"{""id"": 90036}"
T1038,"{""id"": 90037}"
T1039,"{""id"": 90038}"
T1040,"{""id"": 90039}"
T1041,"{""id"": 90040}"
T1042,"{""id"": 90041}"
T1043,"{""id"": 90042}"
T1044,"{""id"": 90043}"
T1045,"{""id"": 90044}"
T1046,"{""id"": 90045}"
T1047,"{""id"": 90046}"
T1048,"{""id"": 90047}"
T1049,"{""id"": 90048}"
T1050,"{""id"": 90049}"
T1051,"{""id"": 90050}"
T1052,"{""id"": 90051}"
T1053,"{""id"": 90052}"
T1054,"{""id"": 90053}"
T1055,"{""id"": 90054}"
T1056,"{""id"": 90055}"
T1057,"{""id"": 90056}"
T1058,"{""id"": 90057}"
T1059,"{""id"": 90058}"
T1060,"{""id"": 90059}"
T1061,"{""id"": 90060}"
T1062,"{""id"": 90061}"
T1063,"{""id"": 90062}"
T1064,"{""id"": 90063}"
T1065,"{""id"": 90064}"
T1066,"{""id"": 90065}"
T1067,"{""id"": 90066}"
T1068,"{""id"": 90067}"
T1069,"{""id"": 90068}"
T1070,"{""id"": 90069}"
T1071,"{""id"": 90070}"
T1072,"{""id"": 90071}"
T1073,"{""id"": 90072}"
T1074,"{""id"": 90073}"
T1075,"{""id"": 90074}"
T1076,"{""id"": 90075}"
T1077,"{""id"": 90076}"
T1078,"{""id"": 90077}"
T1079,"{""id"": 90078}"
T1080,"{""id"": 90079}"
T1081,"{""id"": 90080}"
T1082,"{""id"": 90081}"
T1083,"{""id"": 90082}"
T1084,"{""id"": 90083}"
T1085,"{""id"": 90084}"
T1086,"{""id"": 90085}"
T1087,"{""id"": 90086}"
T1088,"{""id"": 90087}"
T1089,"{""id"": 90088}"
T1090,"{""id"": 90089}"
T1091,"{""id"": 90090}"
T1092,"{""id"": 90091}"
T1093,"{""id"": 90092}"
T1094,"{""id"": 90093}"
T1095,"{""id"": 90094}"
T1096,"{""id"": 90095}"
T1097,"{""id"": 90096}"
T1098,"{""id"": 90097}"
T1099,"{""id"": 90098}"
T1100,"{""id"": 90099}"
